<?xml version="1.0"?>
<!--
/**
 * @category    Achang
 * @package     Achang_ChinaRegion
 * @license     http://opensource.org/licenses/osl-3.0.php  Open Software License (OSL 3.0)
 */
-->
<config>
    <menu>
        <system>
            <children>
                <achang_chinaregion translate="title">
                    <title>China Region</title>
                    <sort_order>21</sort_order>
                    <children>
                        <chinaregion_grid>
                            <title>Manage China Region</title>
                            <sort_order>10</sort_order>
                            <action>adminhtml/region_index/index</action>
                        </chinaregion_grid>
                        <!--<import_export>-->
                            <!--<title>Import / Export</title>-->
                            <!--<sort_order>20</sort_order>-->
                            <!--<action>adminhtml/region_index/importExport</action>-->
                        <!--</import_export>-->
                    </children>
                </achang_chinaregion>
            </children>
        </system>
    </menu>
    <acl>
        <resources>
            <admin>
                <children>
                    <system>
                        <children>
                            <achang_chinaregion translate="title">
                                <title>China Region</title>
                                <sort_order>21</sort_order>
                                <children>
                                    <!-- 
                                    <chinaregion_grid>
                                        <title>Manage China Region</title>
                                         <sort_order>10</sort_order>
                                         <action>adminhtml/region_index/index</action>
                                    </chinaregion_grid>
                                     -->
                                    <import_export>
                                        <title>Import / Export</title>
                                         <sort_order>20</sort_order>
                                         <action>adminhtml/region_index/importExport</action>
                                    </import_export>
                                </children>
                            </achang_chinaregion>
                        </children>
                    </system>
                    
                </children>
            </admin>
      </resources>
    </acl>
</config>
